{"walls":["{\"position\":{\"x\":-10.742622375488282,\"y\":-0.0804339274764061,\"z\":0.19698597490787507},\"scale\":{\"x\":1.1620646715164185,\"y\":7.443781852722168,\"z\":1.0}}","{\"position\":{\"x\":-17.302623748779298,\"y\":11.129566192626954,\"z\":0.19698597490787507},\"scale\":{\"x\":6.441600322723389,\"y\":1.1779999732971192,\"z\":1.0}}","{\"position\":{\"x\":-17.50262451171875,\"y\":-11.070433616638184,\"z\":0.19698597490787507},\"scale\":{\"x\":6.441600322723389,\"y\":1.1779999732971192,\"z\":1.0}}","{\"position\":{\"x\":-27.102622985839845,\"y\":-17.470434188842775,\"z\":0.19698597490787507},\"scale\":{\"x\":1.0,\"y\":6.199999809265137,\"z\":1.0}}","{\"position\":{\"x\":-0.4626232385635376,\"y\":-24.470434188842775,\"z\":0.19698597490787507},\"scale\":{\"x\":6.442600250244141,\"y\":0.8327335119247437,\"z\":1.0}}","{\"position\":{\"x\":-10.493622779846192,\"y\":-25.600435256958009,\"z\":0.19698597490787507},\"scale\":{\"x\":1.3007457256317139,\"y\":1.9880000352859498,\"z\":1.0}}","{\"position\":{\"x\":9.427376747131348,\"y\":-25.790433883666993,\"z\":0.19698597490787507},\"scale\":{\"x\":1.18464994430542,\"y\":1.9880000352859498,\"z\":1.0}}","{\"position\":{\"x\":18.99737548828125,\"y\":-26.870433807373048,\"z\":0.19698597490787507},\"scale\":{\"x\":6.234999656677246,\"y\":1.0,\"z\":1.0}}","{\"position\":{\"x\":41.59737777709961,\"y\":0.029566071927547456,\"z\":0.19698597490787507},\"scale\":{\"x\":1.090980052947998,\"y\":10.125809669494629,\"z\":1.0}}","{\"position\":{\"x\":-0.8026232123374939,\"y\":26.9295654296875,\"z\":0.19698597490787507},\"scale\":{\"x\":21.5,\"y\":1.0,\"z\":1.0}}","{\"position\":{\"x\":34.2973747253418,\"y\":12.029566764831543,\"z\":0.19698597490787507},\"scale\":{\"x\":6.380000114440918,\"y\":1.025439977645874,\"z\":1.0}}","{\"position\":{\"x\":-26.802623748779298,\"y\":17.49956512451172,\"z\":0.19698597490787507},\"scale\":{\"x\":1.0,\"y\":6.199999809265137,\"z\":1.0}}","{\"position\":{\"x\":25.597375869750978,\"y\":-18.0704345703125,\"z\":0.19698597490787507},\"scale\":{\"x\":1.0,\"y\":5.799999713897705,\"z\":1.0}}","{\"position\":{\"x\":34.897377014160159,\"y\":-11.870433807373047,\"z\":0.19698597490787507},\"scale\":{\"x\":6.380000114440918,\"y\":1.025439977645874,\"z\":1.0}}","{\"position\":{\"x\":25.197376251220704,\"y\":18.209566116333009,\"z\":0.19698597490787507},\"scale\":{\"x\":1.0,\"y\":5.799999713897705,\"z\":1.0}}","{\"position\":{\"x\":-20.25262451171875,\"y\":-27.0704345703125,\"z\":0.19698597490787507},\"scale\":{\"x\":6.234999656677246,\"y\":1.0,\"z\":1.0}}"],"floors":["{\"position\":{\"x\":7.867376804351807,\"y\":-0.9204339385032654,\"z\":0.19698597490787507},\"scale\":{\"x\":14.008000373840332,\"y\":8.898239135742188,\"z\":1.0}}","{\"position\":{\"x\":-0.4026232361793518,\"y\":-18.780433654785158,\"z\":0.19698597490787507},\"scale\":{\"x\":20.0,\"y\":5.519999980926514,\"z\":1.0}}","{\"position\":{\"x\":0.1973767876625061,\"y\":17.959566116333009,\"z\":0.19698597490787507},\"scale\":{\"x\":20.0,\"y\":6.0,\"z\":1.0}}","{\"position\":{\"x\":32.92737579345703,\"y\":0.12956607341766358,\"z\":0.19698597490787507},\"scale\":{\"x\":5.873279571533203,\"y\":8.600000381469727,\"z\":1.0}}"],"player":"{\"position\":{\"x\":-16.482397079467775,\"y\":18.376060485839845,\"z\":-0.4901852011680603},\"scale\":{\"x\":1.0,\"y\":1.0,\"z\":1.0}}","coins":["{\"position\":{\"x\":14.040568351745606,\"y\":-1.7793208360671998,\"z\":0.0},\"scale\":{\"x\":1.0,\"y\":1.0,\"z\":1.0}}","{\"position\":{\"x\":-5.477798938751221,\"y\":-21.463939666748048,\"z\":0.0},\"scale\":{\"x\":1.0,\"y\":1.0,\"z\":1.0}}","{\"position\":{\"x\":30.266305923461915,\"y\":1.7032909393310547,\"z\":0.0},\"scale\":{\"x\":1.0,\"y\":1.0,\"z\":1.0}}","{\"position\":{\"x\":9.184271812438965,\"y\":17.512004852294923,\"z\":0.0},\"scale\":{\"x\":1.0,\"y\":1.0,\"z\":1.0}}"]}