{"walls":["{\"position\":{\"x\":41.59737777709961,\"y\":0.029566071927547456,\"z\":0.19698597490787507},\"scale\":{\"x\":1.090980052947998,\"y\":10.125809669494629,\"z\":1.0}}","{\"position\":{\"x\":34.2973747253418,\"y\":12.029566764831543,\"z\":0.19698597490787507},\"scale\":{\"x\":6.380000114440918,\"y\":1.025439977645874,\"z\":1.0}}","{\"position\":{\"x\":34.897377014160159,\"y\":-11.870433807373047,\"z\":0.19698597490787507},\"scale\":{\"x\":6.380000114440918,\"y\":1.025439977645874,\"z\":1.0}}","{\"position\":{\"x\":25.597375869750978,\"y\":-18.0704345703125,\"z\":0.19698597490787507},\"scale\":{\"x\":1.0,\"y\":5.799999713897705,\"z\":1.0}}","{\"position\":{\"x\":-0.8026232123374939,\"y\":26.9295654296875,\"z\":0.19698597490787507},\"scale\":{\"x\":21.5,\"y\":1.0,\"z\":1.0}}","{\"position\":{\"x\":-26.802623748779298,\"y\":-0.07043392956256867,\"z\":0.19698597490787507},\"scale\":{\"x\":1.0,\"y\":20.0,\"z\":1.0}}","{\"position\":{\"x\":25.197376251220704,\"y\":18.209566116333009,\"z\":0.19698597490787507},\"scale\":{\"x\":1.0,\"y\":5.799999713897705,\"z\":1.0}}","{\"position\":{\"x\":-0.702623188495636,\"y\":-27.0704345703125,\"z\":0.19698597490787507},\"scale\":{\"x\":21.5,\"y\":1.0,\"z\":1.0}}"],"floors":["{\"position\":{\"x\":32.92737579345703,\"y\":0.12956607341766358,\"z\":0.19698597490787507},\"scale\":{\"x\":5.873279571533203,\"y\":8.600000381469727,\"z\":1.0}}","{\"position\":{\"x\":0.1973767876625061,\"y\":-0.07043392956256867,\"z\":0.19698597490787507},\"scale\":{\"x\":20.0,\"y\":20.0,\"z\":1.0}}"],"player":"{\"position\":{\"x\":-12.920393943786621,\"y\":-15.459996223449707,\"z\":-0.4901852011680603},\"scale\":{\"x\":1.0,\"y\":1.0,\"z\":1.0}}","coins":["{\"position\":{\"x\":-9.287216186523438,\"y\":9.824702262878418,\"z\":0.0},\"scale\":{\"x\":1.0,\"y\":1.0,\"z\":1.0}}","{\"position\":{\"x\":31.468151092529298,\"y\":-1.477583885192871,\"z\":0.0},\"scale\":{\"x\":1.0,\"y\":1.0,\"z\":1.0}}","{\"position\":{\"x\":5.941047668457031,\"y\":4.16123628616333,\"z\":0.0},\"scale\":{\"x\":1.0,\"y\":1.0,\"z\":1.0}}","{\"position\":{\"x\":-2.917860746383667,\"y\":-0.031610965728759769,\"z\":0.0},\"scale\":{\"x\":1.0,\"y\":1.0,\"z\":1.0}}"]}