{"walls":["{\"position\":{\"x\":-0.8026232123374939,\"y\":26.9295654296875,\"z\":0.19698597490787507},\"scale\":{\"x\":21.5,\"y\":1.0,\"z\":1.0}}","{\"position\":{\"x\":-26.802623748779298,\"y\":-0.07043392956256867,\"z\":0.19698597490787507},\"scale\":{\"x\":1.0,\"y\":20.0,\"z\":1.0}}","{\"position\":{\"x\":25.197376251220704,\"y\":-0.07043392956256867,\"z\":0.19698597490787507},\"scale\":{\"x\":1.0,\"y\":20.0,\"z\":1.0}}","{\"position\":{\"x\":-0.702623188495636,\"y\":-27.0704345703125,\"z\":0.19698597490787507},\"scale\":{\"x\":21.5,\"y\":1.0,\"z\":1.0}}"],"floors":["{\"position\":{\"x\":0.1973767876625061,\"y\":-0.07043392956256867,\"z\":0.19698597490787507},\"scale\":{\"x\":20.0,\"y\":20.0,\"z\":1.0}}"],"player":"{\"position\":{\"x\":8.434633255004883,\"y\":-8.265100479125977,\"z\":-0.4901852011680603},\"scale\":{\"x\":1.0,\"y\":1.0,\"z\":1.0}}","coins":["{\"position\":{\"x\":-4.183078765869141,\"y\":-0.5324540138244629,\"z\":0.0},\"scale\":{\"x\":1.0,\"y\":1.0,\"z\":1.0}}","{\"position\":{\"x\":2.7324624061584474,\"y\":8.591939926147461,\"z\":0.0},\"scale\":{\"x\":1.0,\"y\":1.0,\"z\":1.0}}","{\"position\":{\"x\":-8.106430053710938,\"y\":-7.759256362915039,\"z\":0.0},\"scale\":{\"x\":1.0,\"y\":1.0,\"z\":1.0}}","{\"position\":{\"x\":0.22762393951416017,\"y\":4.13729190826416,\"z\":0.0},\"scale\":{\"x\":1.0,\"y\":1.0,\"z\":1.0}}"]}